AAXX900101HDFRRL01,Juan,Pérez García,Mexicana,1990-01-01,Calle Falsa 123,5551234567,juan.perez@email.com,juanperez,1234
BEBB850505MDFQRT09,Ana,Lopez Torres,Española,1985-05-05,Avenida Real 45,911654321,ana.lopez@gmail.com,analopez,abcd
XEXX010101MNEXXX01,Pedro,Ramírez Sánchez,Argentina,2001-07-22,Pasaje Central 201,4491234567,pedro.ramirez@correo.com,pedroram,passw0rd
CURP123456HDFABC01,Maria,Delgado Flores,Mexicana,1998-03-17,Calle Reforma 99,2223344556,maria.df@correo.mx,mariadf,miPass99
MEXX870715MMXNNL01,Diego,Hernández Ortega,Chilena,1987-07-15,Diagonal Sur 777,9876543210,diego.ho@correo.com,diegoher,secret
