Gerente,EMP001,Juan Pérez,Calle Reforma 100,1980-05-15,M,25000,juanp,1234,1,Regional,8
Gerente,EMP002,Ana López,Calle Insurgentes 200,1985-03-22,F,21000.0,anal,abcd,2,Sucursal,10
Gerente,EMP003,Pedro Ramírez,Av. Tlalpan 500,1990-12-05,M,18000.0,pedror,passw,3,Nacional,12
Cajero,EMP004,Lucía Gómez,Av. Patriotismo 77,1992-09-30,F,12000.0,lucecita,abcd1234,1,Matutino,1
Cajero,EMP005,José Sánchez,Calle Poniente 9,1988-03-10,M,14000.0,josesan,clave,2,Vespertino,2
Cajero,EMP006,María Torres,Calle Sur 22,1983-07-18,F,22000.0,mariato,pass,3,Mixto,3
Ejecutivo,EMP007,Roberto García,Av. Reforma 90,1987-06-27,M,18000.0,robertog,xyz,1,15,PYMES
Ejecutivo,EMP008,Elena Martínez,Av. Central 123,1991-11-19,F,19000.0,elenam,elena,2,20,Corporativo
